Designator,Footprint,Quantity,Value,LCSC Part #
"BOOT, RST",SW_Push_SPST_NO_Alps_SKRK,2,SW_Push,
"C3, C4, C6, C7, C8",0603,5,100nF,
C5,CP_EIA-3216-10_Kemet-I,1,10uF/16v,
D2,D_SOD-123,1,B5819W,
"D3, D4",0603,2,LED,
J1,USB_C_Receptacle_HRO_TYPE-C-31-M-12,1,USB_C_Receptacle_USB2.0_16P,
"J2, J3",PinHeader_1x15_P2.54mm_Vertical,2,Conn_01x15,
J4,PinSocket_1x08_P2.54mm_Vertical,1,DISPLAY,
"Q1, Q2",SOT-23,2,SS8050,
"R2, R3",0603,2,5K1,
R4,0603,1,1K,
"R5, R6, R8",0603,3,10K,
R9,0603,1,200R,
U1,SOIC-16_3.9x9.9mm_P1.27mm,1,CH340C,
U2,ESP32-WROOM-32,1,ESP32-WROOM-32,
U3,SOT-223-3_TabPin2,1,AMS1117-3.3,
